combined_title,release_year,release_date,is_top10,title,season,is_tv_show,tconst,titleType,originalTitle,isAdult,startYear,endYear,runtimeMinutes,genres,_merge
10 Days With Santa Claus,2020,20201204,False,10 days with santa claus,,False,,,,,,,,,left_only
100 Humans: Season 1,2020,20200313,False,100 humans,1,True,,,,,,,,,left_only
3%: Season 4,2020,20200814,True,3%,4,True,,,,,,,,,left_only
7SEEDS: Part 2,2020,20200326,True,7seeds: part 2,,False,,,,,,,,,left_only
800 Meters: Limited Series,2022,20220325,True,800 meters: limited series,,False,,,,,,,,,left_only
A Go! Go! Cory Carson Summer Camp,2020,20200804,False,a go! go! cory carson summer camp,,False,,,,,,,,,left_only
A Love Song for Latasha,2020,20200921,False,a love song for latasha,,False,,,,,,,,,left_only
A Madea Homecoming,2022,20220225,True,a madea homecoming,,False,,,,,,,,,left_only
A Perfect Crime: Limited Series,2020,20200925,False,a perfect crime: limited series,,False,,,,,,,,,left_only
A Second Chance: Rivals!,2021,20210723,False,a second chance: rivals!,,False,,,,,,,,,left_only
A Suitable Boy: Limited Series,2020,20200802,True,a suitable boy: limited series,,False,,,,,,,,,left_only
Adú,2020,20200630,True,adú,,False,,,,,,,,,left_only
Aggretsuko: Season 3,2020,20200827,True,aggretsuko,3,True,,,,,,,,,left_only
Aggretsuko: Season 4,2021,20211216,True,aggretsuko,4,True,,,,,,,,,left_only
AlRawabi School for Girls: Limited Series,2021,20210812,True,alrawabi school for girls: limited series,,False,,,,,,,,,left_only
Alexa & Katie: Part 4,2020,20200613,True,alexa & katie: part 4,,False,,,,,,,,,left_only
Ali & Ratu Ratu Queens,2021,20210617,False,ali & ratu ratu queens,,False,,,,,,,,,left_only
All the Freckles in the World,2020,20200103,False,all the freckles in the world,,False,,,,,,,,,left_only
Always a Witch: Season 2,2020,20200228,True,always a witch,2,True,,,,,,,,,left_only
Amend: The Fight for America: Limited Series,2021,20210217,True,amend: the fight for america: limited series,,False,,,,,,,,,left_only
America's Got Talent: Season 15,2020,20200526,False,america's got talent,15,True,,,,,,,,,left_only
America's Got Talent: Season 16,2021,20210605,False,america's got talent,16,True,,,,,,,,,left_only
America's Got Talent: Season 17,2022,20220531,False,america's got talent,17,True,,,,,,,,,left_only
America's Got Talent: The Champions: Season 2,2020,20200106,False,america's got talent: the champions,2,True,,,,,,,,,left_only
American Idol: Season 18,2020,20200213,False,american idol,18,True,,,,,,,,,left_only
American Idol: Season 19,2021,20210212,False,american idol,19,True,,,,,,,,,left_only
American Idol: Season 20,2022,20220227,False,american idol,20,True,,,,,,,,,left_only
Amit Tandon: Family Tandoncies,2020,20200228,False,amit tandon: family tandoncies,,False,,,,,,,,,left_only
Amy Schumer Presents: Parental Advisory,2022,20220611,False,amy schumer presents: parental advisory,,False,,,,,,,,,left_only
Anatomy of a Scandal: Limited Series,2022,20220415,True,anatomy of a scandal: limited series,,False,,,,,,,,,left_only
Anne+: The Film,2021,20211014,True,anne+: the film,,False,,,,,,,,,left_only
Anxious People: Limited Series,2021,20211229,True,anxious people: limited series,,False,,,,,,,,,left_only
Apollo 10 1/2: A Space Age Childhood,2022,20220401,False,apollo 10 1/2: a space age childhood,,False,,,,,,,,,left_only
Archibald's Next Big Thing: Season 2,2020,20200320,True,archibald's next big thing,2,True,,,,,,,,,left_only
Ashley Garcia: Genius in Love: Part 1,2020,20200217,True,ashley garcia: genius in love: part 1,,False,,,,,,,,,left_only
Attack of the Hollywood Clichés!,2021,20210928,False,attack of the hollywood clichés!,,False,,,,,,,,,left_only
Atypical: Season 4,2021,20210709,True,atypical,4,True,,,,,,,,,left_only
B: The Beginning: Season 2 Succession,2021,20210318,True,b: the beginning,2 Succession,True,,,,,,,,,left_only
BAKI: The Great Raitai Tournament Saga,2020,20200604,True,baki: the great raitai tournament saga,,False,,,,,,,,,left_only
"BASTARD‼ -Heavy Metal, Dark Fantasy-: Season 1",2022,20220630,True,"bastard‼ -heavy metal, dark fantasy-",1,True,,,,,,,,,left_only
BEASTARS: Season 2,2021,20210107,True,beastars,2,True,,,,,,,,,left_only
BREAK IT ALL: The History of Rock in Latin America: Limited Series,2020,20201216,False,break it all: the history of rock in latin america: limited series,,False,,,,,,,,,left_only
Babies: Part 1,2020,20200221,True,babies: part 1,,False,,,,,,,,,left_only
Babies: Part 2,2020,20200619,True,babies: part 2,,False,,,,,,,,,left_only
Babylon Berlin: Season 3,2020,20200124,False,babylon berlin,3,True,,,,,,,,,left_only
Bad Exorcist: Season 1,2020,20201203,False,bad exorcist,1,True,,,,,,,,,left_only
Bad Exorcist: Season 2,2021,20211013,False,bad exorcist,2,True,,,,,,,,,left_only
Bad Sport: Volume 1,2021,20211006,True,bad sport: volume 1,,False,,,,,,,,,left_only
Bad Vegan: Fame. Fraud. Fugitives.: Limited Series,2022,20220316,True,bad vegan: fame. fraud. fugitives.: limited series,,False,,,,,,,,,left_only
Behind Her Eyes: Limited Series,2021,20210217,True,behind her eyes: limited series,,False,,,,,,,,,left_only
"Berlin, Berlin: Lolle on the Run",2020,20200508,False,"berlin, berlin: lolle on the run",,False,,,,,,,,,left_only
Better Call Saul: Season 5,2020,20200223,True,better call saul,5,True,,,,,,,,,left_only
Better Call Saul: Season 6,2022,20220418,True,better call saul,6,True,,,,,,,,,left_only
Bigbug,2022,20220211,True,bigbug,,False,,,,,,,,,left_only
Bitter Daisies: Season 2,2020,20200322,True,bitter daisies,2,True,,,,,,,,,left_only
Black Lightning: Season 4,2021,20210208,True,black lightning,4,True,,,,,,,,,left_only
Blood Sisters: Limited Series,2022,20220505,True,blood sisters: limited series,,False,,,,,,,,,left_only
Bombay Rose,2021,20210308,False,bombay rose,,False,,,,,,,,,left_only
Bonus Family: Season 4,2021,20211025,True,bonus family,4,True,,,,,,,,,left_only
"Boo, Bitch: Limited Series",2022,20220708,True,"boo, bitch: limited series",,False,,,,,,,,,left_only
Borgen - Power & Glory: Season 1,2022,20220602,True,borgen - power & glory,1,True,,,,,,,,,left_only
Brand New Cherry Flavor: Limited Series,2021,20210813,True,brand new cherry flavor: limited series,,False,,,,,,,,,left_only
Broken Idol: The Undoing of Diomedes Díaz,2022,20220330,True,broken idol: the undoing of diomedes díaz,,False,,,,,,,,,left_only
Bullsh*t The Gameshow: Season 1,2022,20220427,True,bullsh*t the gameshow,1,True,,,,,,,,,left_only
Business Proposal: Season 1,2022,20220301,True,business proposal,1,True,,,,,,,,,left_only
Børning 3: Asphalt Burning,2020,20201014,False,børning 3: asphalt burning,,False,,,,,,,,,left_only
Cable Girls: Season 5,2020,20200214,True,cable girls,5,True,,,,,,,,,left_only
Café Minamdang: Season 1,2022,20220627,True,café minamdang,1,True,,,,,,,,,left_only
Café con aroma de mujer: Season 1,2021,20210510,True,café con aroma de mujer,1,True,,,,,,,,,left_only
Capitani: Season 1,2021,20210211,True,capitani,1,True,,,,,,,,,left_only
Capitani: Season 2,2022,20220708,True,capitani,2,True,,,,,,,,,left_only
Captain Underpants Epic Choice-o-Rama,2020,20200211,False,captain underpants epic choice-o-rama,,False,,,,,,,,,left_only
Captain Underpants Mega Blissmas,2020,20201204,False,captain underpants mega blissmas,,False,,,,,,,,,left_only
Car Masters: Rust to Riches: Season 2,2020,20200327,True,car masters: rust to riches,2,True,,,,,,,,,left_only
Car Masters: Rust to Riches: Season 3,2021,20210804,True,car masters: rust to riches,3,True,,,,,,,,,left_only
Car Masters: Rust to Riches: Season 4,2022,20220727,True,car masters: rust to riches,4,True,,,,,,,,,left_only
Carlo & Malik: Season 2,2020,20200910,True,carlo & malik,2,True,,,,,,,,,left_only
Carmel: Who Killed Maria Marta?: Limited Series,2020,20201105,False,carmel: who killed maria marta?: limited series,,False,,,,,,,,,left_only
Carmen Sandiego: Season 3,2020,20201001,True,carmen sandiego,3,True,,,,,,,,,left_only
Carmen Sandiego: Season 4,2021,20210115,True,carmen sandiego,4,True,,,,,,,,,left_only
Catherine Cohen: The Twist…? She’s Gorgeous,2022,20220315,False,catherine cohen: the twist…? she’s gorgeous,,False,,,,,,,,,left_only
Cem Yılmaz: Diamond Elite Platinum Plus,2021,20211231,True,cem yılmaz: diamond elite platinum plus,,False,,,,,,,,,left_only
Centauro,2022,20220615,True,centauro,,False,,,,,,,,,left_only
Chad and JT Go Deep: Season 1,2022,20220823,False,chad and jt go deep,1,True,,,,,,,,,left_only
Challenger: Limited Series,2020,20200916,True,challenger: limited series,,False,,,,,,,,,left_only
Chappelle's Home Team - Earthquake: Legendary,2022,20220228,False,chappelle's home team - earthquake: legendary,,False,,,,,,,,,left_only
Charité: Season 3,2021,20210105,False,charité,3,True,,,,,,,,,left_only
Charlie's Colorforms City: Season 5,2022,20220613,True,charlie's colorforms city,5,True,,,,,,,,,left_only
Charlie's Colorforms City: Season 6,2022,20220613,True,charlie's colorforms city,6,True,,,,,,,,,left_only
Charming,2021,20210108,False,charming,,False,,,,,,,,,left_only
Chef's Table: BBQ: Volume 1,2020,20200902,False,chef's table: bbq: volume 1,,False,,,,,,,,,left_only
Chernobyl 1986,2021,20210924,True,chernobyl 1986,,False,,,,,,,,,left_only
Chicago Party Aunt: Part 1,2021,20210917,True,chicago party aunt: part 1,,False,,,,,,,,,left_only
Chilling Adventures of Sabrina: Part 3,2020,20200124,True,chilling adventures of sabrina: part 3,,False,,,,,,,,,left_only
Chilling Adventures of Sabrina: Part 4,2020,20201231,True,chilling adventures of sabrina: part 4,,False,,,,,,,,,left_only
Chip and Potato: Chip’s Holiday,2022,20220627,False,chip and potato: chip’s holiday,,False,,,,,,,,,left_only
Choked: Paisa Bolta Hai,2020,20200605,True,choked: paisa bolta hai,,False,,,,,,,,,left_only
Christina P: Mom Genes,2022,20220508,False,christina p: mom genes,,False,,,,,,,,,left_only
Circus of Books,2020,20200422,False,circus of books,,False,,,,,,,,,left_only
Clark: Limited Series,2022,20220505,True,clark: limited series,,False,,,,,,,,,left_only
Clickbait: Limited Series,2021,20210825,True,clickbait: limited series,,False,,,,,,,,,left_only
CoComelon: Season 1,2020,20200601,True,cocomelon,1,True,,,,,,,,,left_only
CoComelon: Season 2,2020,20200828,True,cocomelon,2,True,,,,,,,,,left_only
CoComelon: Season 3,2021,20210601,True,cocomelon,3,True,,,,,,,,,left_only
Cocaine Cowboys: The Kings of Miami: Limited Series,2021,20210804,True,cocaine cowboys: the kings of miami: limited series,,False,,,,,,,,,left_only
Code Name: Emperor,2022,20220222,False,code name: emperor,,False,,,,,,,,,left_only
Colin in Black & White: Limited Series,2021,20211029,True,colin in black & white: limited series,,False,,,,,,,,,left_only
Conversations with a Killer: The John Wayne Gacy Tapes: Limited Series,2022,20220420,True,conversations with a killer: the john wayne gacy tapes: limited series,,False,,,,,,,,,left_only
"Coronavirus, Explained: Limited Series",2020,20200426,False,"coronavirus, explained: limited series",,False,,,,,,,,,left_only
Countdown: Inspiration4 Mission to Space: Limited Series,2021,20210906,True,countdown: inspiration4 mission to space: limited series,,False,,,,,,,,,left_only
Coven of Sisters,2021,20210311,True,coven of sisters,,False,,,,,,,,,left_only
Crime Scene: The Times Square Killer: Limited Series,2021,20211229,True,crime scene: the times square killer: limited series,,False,,,,,,,,,left_only
Crime Scene: The Vanishing at the Cecil Hotel: Limited Series,2021,20210210,False,crime scene: the vanishing at the cecil hotel: limited series,,False,,,,,,,,,left_only
Criminal: UK: Season 2,2020,20200916,False,criminal: uk,2,True,,,,,,,,,left_only
DOTA: Dragon's Blood: Book 1,2021,20210325,True,dota: dragon's blood: book 1,,False,,,,,,,,,left_only
DOTA: Dragon's Blood: Book 2,2022,20220118,True,dota: dragon's blood: book 2,,False,,,,,,,,,left_only
DOTA: Dragon's Blood: Book 3,2022,20220811,True,dota: dragon's blood: book 3,,False,,,,,,,,,left_only
Dance of the Forty One,2021,20210512,True,dance of the forty one,,False,,,,,,,,,left_only
Dating Around: Season 2,2020,20200612,False,dating around,2,True,,,,,,,,,left_only
Dave Chappelle: What’s in a Name?,2022,20220707,False,dave chappelle: what’s in a name?,,False,,,,,,,,,left_only
Deadwind: Season 2,2020,20200701,True,deadwind,2,True,,,,,,,,,left_only
Deadwind: Season 3,2021,20211029,True,deadwind,3,True,,,,,,,,,left_only
Dear White People: Volume 4,2021,20210922,True,dear white people: volume 4,,False,,,,,,,,,left_only
Delhi Crime: Season 2,2022,20220826,True,delhi crime,2,True,,,,,,,,,left_only
Detective Conan: Zero’s Tea Time: Season 1,2022,20220405,False,detective conan: zero’s tea time,1,True,,,,,,,,,left_only
Devil in Ohio: Limited Series,2022,20220902,False,devil in ohio: limited series,,False,,,,,,,,,left_only
"Devotion, a Story of Love and Desire: Season 1",2022,20220214,True,"devotion, a story of love and desire",1,True,,,,,,,,,left_only
Diablero: Season 2,2020,20200131,True,diablero,2,True,,,,,,,,,left_only
Diana: The Musical,2021,20211001,False,diana: the musical,,False,,,,,,,,,left_only
Dig Deeper: The Disappearance of Birgit Meier: Limited Series,2021,20211126,True,dig deeper: the disappearance of birgit meier: limited series,,False,,,,,,,,,left_only
Dino Girl Gauko: Season 2,2020,20200320,False,dino girl gauko,2,True,,,,,,,,,left_only
Dirty John: Betty Broderick,2020,20200602,True,dirty john: betty broderick,,False,,,,,,,,,left_only
Disenchantment: Part 3,2021,20210115,True,disenchantment: part 3,,False,,,,,,,,,left_only
Disenchantment: Part 4,2022,20220209,True,disenchantment: part 4,,False,,,,,,,,,left_only
Dog Gone Trouble,2021,20210528,False,dog gone trouble,,False,,,,,,,,,left_only
Dolly Kitty Aur Woh Chamakte Sitare,2020,20200918,False,dolly kitty aur woh chamakte sitare,,False,,,,,,,,,left_only
Dolly Parton’s Christmas on the Square,2020,20201122,False,dolly parton’s christmas on the square,,False,,,,,,,,,left_only
Don’t Blame Karma!,2022,20220803,True,don’t blame karma!,,False,,,,,,,,,left_only
Don’t Listen,2020,20201127,False,don’t listen,,False,,,,,,,,,left_only
Dragons: Rescue Riders: Season 2,2020,20200207,True,dragons: rescue riders,2,True,,,,,,,,,left_only
Echoes: Limited Series,2022,20220819,False,echoes: limited series,,False,,,,,,,,,left_only
El Dragón: Return of a Warrior: Season 2,2020,20200430,True,el dragón: return of a warrior,2,True,,,,,,,,,left_only
El marginal: Season 4,2022,20220119,True,el marginal,4,True,,,,,,,,,left_only
El marginal: Season 5,2022,20220504,True,el marginal,5,True,,,,,,,,,left_only
Emicida: AmarElo - It’s All For Yesterday,2020,20201208,False,emicida: amarelo - it’s all for yesterday,,False,,,,,,,,,left_only
F is for Family: Season 4,2020,20200612,True,f is for family,4,True,,,,,,,,,left_only
F is for Family: Season 5,2021,20211125,True,f is for family,5,True,,,,,,,,,left_only
Family Reunion: Part 2,2020,20200120,True,family reunion: part 2,,False,,,,,,,,,left_only
Family Reunion: Part 3,2021,20210405,True,family reunion: part 3,,False,,,,,,,,,left_only
Family Reunion: Part 4,2021,20210826,True,family reunion: part 4,,False,,,,,,,,,left_only
Fast & Furious Spy Racers: Season 2: Rio,2020,20201009,True,fast & furious spy racers,2: Rio,True,,,,,,,,,left_only
Fast & Furious Spy Racers: Season 3: Sahara,2020,20201226,True,fast & furious spy racers,3: Sahara,True,,,,,,,,,left_only
Fast & Furious Spy Racers: Season 4: Mexico,2021,20210416,True,fast & furious spy racers,4: Mexico,True,,,,,,,,,left_only
Fast & Furious Spy Racers: Season 5: South Pacific,2021,20210813,True,fast & furious spy racers,5: South Pacific,True,,,,,,,,,left_only
Fast & Furious Spy Racers: Season 6: Homecoming,2021,20211217,True,fast & furious spy racers,6: Homecoming,True,,,,,,,,,left_only
Fauda: Season 3,2020,20200416,True,fauda,3,True,,,,,,,,,left_only
Fear City: New York vs The Mafia: Limited Series,2020,20200722,True,fear city: new york vs the mafia: limited series,,False,,,,,,,,,left_only
Fear Street Part 1: 1994,2021,20210702,True,fear street part 1: 1994,,False,,,,,,,,,left_only
Fear Street Part 2: 1978,2021,20210709,True,fear street part 2: 1978,,False,,,,,,,,,left_only
Felipe Esparza: Bad Decisions: Limited Series,2020,20200901,False,felipe esparza: bad decisions: limited series,,False,,,,,,,,,left_only
Finding ‘Ohana,2021,20210129,True,finding ‘ohana,,False,,,,,,,,,left_only
Firedrake the Silver Dragon,2021,20210910,False,firedrake the silver dragon,,False,,,,,,,,,left_only
Flavorful Origins: Gansu Cuisine,2020,20201120,True,flavorful origins: gansu cuisine,,False,,,,,,,,,left_only
Forecasting Love and Weather: Season 1,2022,20220212,True,forecasting love and weather,1,True,,,,,,,,,left_only
Formula 1: Drive to Survive: Season 2,2020,20200228,True,formula 1: drive to survive,2,True,,,,,,,,,left_only
Formula 1: Drive to Survive: Season 3,2021,20210319,True,formula 1: drive to survive,3,True,,,,,,,,,left_only
Formula 1: Drive to Survive: Season 4,2022,20220311,True,formula 1: drive to survive,4,True,,,,,,,,,left_only
Framed! A Sicilian Murder Mystery: Season 1,2022,20220101,True,framed! a sicilian murder mystery,1,True,,,,,,,,,left_only
Frank Elstner: Just One Last Question: Season 1,2020,20200612,False,frank elstner: just one last question,1,True,,,,,,,,,left_only
Frank Elstner: Just One Last Question: Season 2,2020,20200612,False,frank elstner: just one last question,2,True,,,,,,,,,left_only
Freaks – You're One of Us,2020,20200902,True,freaks – you're one of us,,False,,,,,,,,,left_only
"Fresh, Fried & Crispy: Season 1",2021,20210609,False,"fresh, fried & crispy",1,True,,,,,,,,,left_only
Fullmetal Alchemist The Revenge of Scar,2022,20220820,False,fullmetal alchemist the revenge of scar,,False,,,,,,,,,left_only
GAME ON: A Comedy Crossover Event: Season 1,2020,20200810,False,game on: a comedy crossover event,1,True,,,,,,,,,left_only
Get the Goat,2021,20210318,False,get the goat,,False,,,,,,,,,left_only
Ghost in the Shell: SAC_2045 Sustainable War,2021,20211112,False,ghost in the shell: sac_2045 sustainable war,,False,,,,,,,,,left_only
Ghost in the Shell: SAC_2045: Season 1,2020,20200423,True,ghost in the shell: sac_2045,1,True,,,,,,,,,left_only
Ghost in the Shell: SAC_2045: Season 2,2022,20220523,True,ghost in the shell: sac_2045,2,True,,,,,,,,,left_only
Gilmore Girls: A Year in the Life: Season 2,2020,20201101,True,gilmore girls: a year in the life,2,True,,,,,,,,,left_only
Girl from Nowhere: Season 2,2021,20210507,True,girl from nowhere,2,True,,,,,,,,,left_only
Girls from Ipanema: Season 2,2020,20200619,True,girls from ipanema,2,True,,,,,,,,,left_only
Go Dog Go: Season 1,2021,20210126,True,go dog go,1,True,,,,,,,,,left_only
Go Dog Go: Season 2,2021,20211207,True,go dog go,2,True,,,,,,,,,left_only
Gone for Good: Limited Series,2021,20210813,False,gone for good: limited series,,False,,,,,,,,,left_only
Grace and Frankie: Season 6,2020,20200115,True,grace and frankie,6,True,,,,,,,,,left_only
Grace and Frankie: Season 7,2021,20210813,True,grace and frankie,7,True,,,,,,,,,left_only
Grandma's Wedding,2020,20200205,False,grandma's wedding,,False,,,,,,,,,left_only
Green Eggs and Ham: Season 2: The Second Serving,2022,20220408,True,green eggs and ham,2: The Second Serving,True,,,,,,,,,left_only
Green Mothers' Club: Season 1,2022,20220406,True,green mothers' club,1,True,,,,,,,,,left_only
Green Snake,2021,20211201,True,green snake,,False,,,,,,,,,left_only
Greenhouse Academy: Season 4,2020,20200320,True,greenhouse academy,4,True,,,,,,,,,left_only
Greenleaf: Season 5,2020,20200623,True,greenleaf,5,True,,,,,,,,,left_only
Guillermo Vilas: Settling the Score,2020,20201027,False,guillermo vilas: settling the score,,False,,,,,,,,,left_only
Hache: Season 2,2021,20210205,True,hache,2,True,,,,,,,,,left_only
Harvey Girls Forever!: Season 4,2020,20200110,False,harvey girls forever!,4,True,,,,,,,,,left_only
Harvey Girls Forever!: Season 5,2021,20211018,False,harvey girls forever!,5,True,,,,,,,,,left_only
Have a Good Trip: Adventures in Psychedelics,2020,20200511,False,have a good trip: adventures in psychedelics,,False,,,,,,,,,left_only
Heavy Rescue: 401: Season 4,2020,20200107,False,heavy rescue: 401,4,True,,,,,,,,,left_only
Heavy Rescue: 401: Season 5,2021,20210110,False,heavy rescue: 401,5,True,,,,,,,,,left_only
Heavy Rescue: 401: Season 6,2022,20220220,False,heavy rescue: 401,6,True,,,,,,,,,left_only
Hello Ninja: Season 2,2020,20200424,True,hello ninja,2,True,,,,,,,,,left_only
Hello Ninja: Season 3,2020,20200710,True,hello ninja,3,True,,,,,,,,,left_only
Hello Ninja: Season 4,2021,20210119,True,hello ninja,4,True,,,,,,,,,left_only
"Hello, Goodbye, and Everything in Between",2022,20220706,True,"hello, goodbye, and everything in between",,False,,,,,,,,,left_only
High Score: Limited Series,2020,20200819,False,high score: limited series,,False,,,,,,,,,left_only
Hip-Hop Evolution: Season 4,2020,20200117,False,hip-hop evolution,4,True,,,,,,,,,left_only
Hold Tight: Limited Series,2022,20220422,True,hold tight: limited series,,False,,,,,,,,,left_only
Homemade: Volume 1,2020,20200630,False,homemade: volume 1,,False,,,,,,,,,left_only
Honeymoon with My Mother,2022,20220429,True,honeymoon with my mother,,False,,,,,,,,,left_only
Hope Frozen: A Quest to Live Twice,2020,20200915,False,hope frozen: a quest to live twice,,False,,,,,,,,,left_only
House of Secrets: The Burari Deaths: Limited Series,2021,20211008,True,house of secrets: the burari deaths: limited series,,False,,,,,,,,,left_only
How I Became a Superhero,2021,20210709,True,how i became a superhero,,False,,,,,,,,,left_only
How to Fix a Drug Scandal: Limited Series,2020,20200401,True,how to fix a drug scandal: limited series,,False,,,,,,,,,left_only
How to Ruin Christmas: The Funeral,2021,20211210,True,how to ruin christmas: the funeral,,False,,,,,,,,,left_only
How to Ruin Christmas: The Wedding,2020,20201216,True,how to ruin christmas: the wedding,,False,,,,,,,,,left_only
How to Sell Drugs Online (Fast): Season 2,2020,20200721,True,how to sell drugs online (fast),2,True,,,,,,,,,left_only
How to Sell Drugs Online (Fast): Season 3,2021,20210727,True,how to sell drugs online (fast),3,True,,,,,,,,,left_only
I AM A KILLER: Season 2,2020,20200131,True,i am a killer,2,True,,,,,,,,,left_only
I AM A KILLER: Season 3,2022,20220830,True,i am a killer,3,True,,,,,,,,,left_only
I Think You Should Leave with Tim Robinson: Season 2,2021,20210706,False,i think you should leave with tim robinson,2,True,,,,,,,,,left_only
I'm No Longer Here,2020,20200527,False,i'm no longer here,,False,,,,,,,,,left_only
Ideias à Venda: Season 1,2022,20220209,False,ideias à venda,1,True,,,,,,,,,left_only
Immigration Nation: Limited Series,2020,20200803,False,immigration nation: limited series,,False,,,,,,,,,left_only
Inside Job: Part 1,2021,20211022,True,inside job: part 1,,False,,,,,,,,,left_only
Inside the World’s Toughest Prisons: Season 4,2020,20200729,True,inside the world’s toughest prisons,4,True,,,,,,,,,left_only
Inside the World’s Toughest Prisons: Season 5,2021,20210108,True,inside the world’s toughest prisons,5,True,,,,,,,,,left_only
Inspector Koo: Season 1,2021,20211030,True,inspector koo,1,True,,,,,,,,,left_only
Interior Design Masters: Season 2,2021,20210202,True,interior design masters,2,True,,,,,,,,,left_only
Interior Design Masters: Season 3,2022,20220309,True,interior design masters,3,True,,,,,,,,,left_only
Inventing Anna: Limited Series,2022,20220211,True,inventing anna: limited series,,False,,,,,,,,,left_only
Iron Chef Brazil: Season 1,2022,20220810,False,iron chef brazil,1,True,,,,,,,,,left_only
Jack Whitehall: Travels with My Father: Season 4,2020,20200922,True,jack whitehall: travels with my father,4,True,,,,,,,,,left_only
Jack Whitehall: Travels with My Father: Season 5,2021,20210914,True,jack whitehall: travels with my father,5,True,,,,,,,,,left_only
Jamtara - Sabka Number Ayega: Season 1,2020,20200110,True,jamtara - sabka number ayega,1,True,,,,,,,,,left_only
Jeffrey Epstein: Filthy Rich: Limited Series,2020,20200527,True,jeffrey epstein: filthy rich: limited series,,False,,,,,,,,,left_only
Jimmy Savile: A British Horror Story: Limited Series,2022,20220406,True,jimmy savile: a british horror story: limited series,,False,,,,,,,,,left_only
JoJo's Bizarre Adventure: STONE OCEAN,2021,20211201,True,jojo's bizarre adventure: stone ocean,,False,,,,,,,,,left_only
June & Kopi,2021,20210128,False,june & kopi,,False,,,,,,,,,left_only
Junior Baking Show: Season 6,2021,20210111,False,junior baking show,6,True,,,,,,,,,left_only
Junior Baking Show: Season 7,2022,20220110,False,junior baking show,7,True,,,,,,,,,left_only
Jupiter's Legacy: Volume 1,2021,20210507,True,jupiter's legacy: volume 1,,False,,,,,,,,,left_only
Jurassic World Camp Cretaceous: Season 1,2020,20200918,True,jurassic world camp cretaceous,1,True,,,,,,,,,left_only
Jurassic World Camp Cretaceous: Season 2,2021,20210122,True,jurassic world camp cretaceous,2,True,,,,,,,,,left_only
Jurassic World Camp Cretaceous: Season 3,2021,20210521,True,jurassic world camp cretaceous,3,True,,,,,,,,,left_only
Jurassic World Camp Cretaceous: Season 4,2021,20211203,True,jurassic world camp cretaceous,4,True,,,,,,,,,left_only
Jurassic World Camp Cretaceous: Season 5,2022,20220721,True,jurassic world camp cretaceous,5,True,,,,,,,,,left_only
Keep Breathing: Limited Series,2022,20220728,True,keep breathing: limited series,,False,,,,,,,,,left_only
Keep Sweet: Pray and Obey: Limited Series,2022,20220608,True,keep sweet: pray and obey: limited series,,False,,,,,,,,,left_only
Killer Inside: The Mind of Aaron Hernandez: Limited Series,2020,20200115,True,killer inside: the mind of aaron hernandez: limited series,,False,,,,,,,,,left_only
King of Boys: The Return of the King: Limited Series,2021,20210827,True,king of boys: the return of the king: limited series,,False,,,,,,,,,left_only
Kota Factory: Season 2,2021,20210924,False,kota factory,2,True,,,,,,,,,left_only
L.O.C.A,2021,20210815,False,l.o.c.a,,False,,,,,,,,,left_only
Latte and the Magic Waterstone,2020,20200731,True,latte and the magic waterstone,,False,,,,,,,,,left_only
Les de l'hoquei: Season 2,2020,20200330,False,les de l'hoquei,2,True,,,,,,,,,left_only
Lies and Deceit: Season 1,2020,20200419,True,lies and deceit,1,True,,,,,,,,,left_only
Life in Colour with David Attenborough: Season 1,2021,20210307,True,life in colour with david attenborough,1,True,,,,,,,,,left_only
Light the Night: Part 1,2021,20211126,True,light the night: part 1,,False,,,,,,,,,left_only
Light the Night: Part 2,2021,20211230,True,light the night: part 2,,False,,,,,,,,,left_only
Light the Night: Part 3,2022,20220318,True,light the night: part 3,,False,,,,,,,,,left_only
"Live Twice, Love Once",2020,20200107,True,"live twice, love once",,False,,,,,,,,,left_only
London Hughes: To Catch a D*ck,2020,20201222,False,london hughes: to catch a d*ck,,False,,,,,,,,,left_only
Lost Ollie: Limited Series,2022,20220824,False,lost ollie: limited series,,False,,,,,,,,,left_only
Love (ft. Marriage and Divorce): Season 1,2021,20210123,True,love (ft. marriage and divorce),1,True,,,,,,,,,left_only
Love (ft. Marriage and Divorce): Season 2,2021,20210527,True,love (ft. marriage and divorce),2,True,,,,,,,,,left_only
Love Alarm: Season 2,2021,20210312,True,love alarm,2,True,,,,,,,,,left_only
Love In Color,2022,20220429,False,love in color,,False,,,,,,,,,left_only
Love on the Spectrum: Season 2,2021,20210518,True,love on the spectrum,2,True,,,,,,,,,left_only
"Love, Death & Robots: Volume 2",2021,20210514,True,"love, death & robots: volume 2",,False,,,,,,,,,left_only
"Love, Death & Robots: Volume 3",2022,20220520,True,"love, death & robots: volume 3",,False,,,,,,,,,left_only
Luis Miguel - The Series: Season 2,2021,20210418,True,luis miguel - the series,2,True,,,,,,,,,left_only
Luis Miguel - The Series: Season 3,2021,20211028,True,luis miguel - the series,3,True,,,,,,,,,left_only
Lupin: Part 1,2021,20210108,True,lupin: part 1,,False,,,,,,,,,left_only
Lupin: Part 2,2021,20210611,True,lupin: part 2,,False,,,,,,,,,left_only
Magic Arch,2020,20201001,False,magic arch,,False,,,,,,,,,left_only
Magic for Humans Spain: Season 1,2021,20210326,False,magic for humans spain,1,True,,,,,,,,,left_only
Magic for Humans: Season 3,2020,20200515,False,magic for humans,3,True,,,,,,,,,left_only
Magical Andes: Season 2,2021,20210401,False,magical andes,2,True,,,,,,,,,left_only
Mai: A Mother's Rage: Season 1,2022,20220415,True,mai: a mother's rage,1,True,,,,,,,,,left_only
Maid: Limited Series,2021,20211001,True,maid: limited series,,False,,,,,,,,,left_only
Man Vs Bee: Season 1,2022,20220624,True,man vs bee,1,True,,,,,,,,,left_only
Masters of the Universe: Revelation: Part 1,2021,20210723,True,masters of the universe: revelation: part 1,,False,,,,,,,,,left_only
Masters of the Universe: Revelation: Part 2,2021,20211123,True,masters of the universe: revelation: part 2,,False,,,,,,,,,left_only
Matchday: Inside FC Barcelona: Season 1,2020,20201019,False,matchday: inside fc barcelona,1,True,,,,,,,,,left_only
Maurício Meirelles: Generating Chaos,2020,20200416,False,maurício meirelles: generating chaos,,False,,,,,,,,,left_only
Maya and the Three: Limited Series,2021,20211022,True,maya and the three: limited series,,False,,,,,,,,,left_only
Meltdown: Three Mile Island: Limited Series,2022,20220504,True,meltdown: three mile island: limited series,,False,,,,,,,,,left_only
Merlí. Sapere Aude: Season 1,2022,20220225,True,merlí. sapere aude,1,True,,,,,,,,,left_only
Merlí. Sapere Aude: Season 2,2021,20210402,True,merlí. sapere aude,2,True,,,,,,,,,left_only
Midnight Asia: Eat · Dance · Dream: Season 1,2022,20220120,True,midnight asia: eat · dance · dream,1,True,,,,,,,,,left_only
Midnight Mass: Limited Series,2021,20210924,True,midnight mass: limited series,,False,,,,,,,,,left_only
Midnight at the Pera Palace: Season 1,2022,20220303,True,midnight at the pera palace,1,True,,,,,,,,,left_only
Mighty Little Bheem: Season 3,2020,20200925,True,mighty little bheem,3,True,,,,,,,,,left_only
Misfit 3: The Finale,2021,20210423,False,misfit 3: the finale,,False,,,,,,,,,left_only
Mobile Suit Gundam Hathaway,2021,20210701,False,mobile suit gundam hathaway,,False,,,,,,,,,left_only
Money Heist: From Tokyo to Berlin: Volume 1,2021,20210903,True,money heist: from tokyo to berlin: volume 1,,False,,,,,,,,,left_only
Money Heist: From Tokyo to Berlin: Volume 2,2021,20211203,True,money heist: from tokyo to berlin: volume 2,,False,,,,,,,,,left_only
Money Heist: Part 4,2020,20200403,True,money heist: part 4,,False,,,,,,,,,left_only
Money Heist: Part 5,2021,20210903,True,money heist: part 5,,False,,,,,,,,,left_only
"Money, Explained: Limited Series",2021,20210511,True,"money, explained: limited series",,False,,,,,,,,,left_only
Monsters Inside: The 24 Faces of Billy Milligan: Limited Series,2021,20210922,True,monsters inside: the 24 faces of billy milligan: limited series,,False,,,,,,,,,left_only
Mortel: Season 2,2021,20210702,True,mortel,2,True,,,,,,,,,left_only
Mosul,2020,20201126,True,mosul,,False,,,,,,,,,left_only
Mr. Iglesias: Part 2,2020,20200617,True,mr. iglesias: part 2,,False,,,,,,,,,left_only
Mr. Iglesias: Part 3,2020,20201208,True,mr. iglesias: part 3,,False,,,,,,,,,left_only
Mrs Harris Goes to Paris,2022,20220715,False,mrs harris goes to paris,,False,,,,,,,,,left_only
Munich – The Edge of War,2022,20220121,True,munich – the edge of war,,False,,,,,,,,,left_only
Murder Among the Mormons: Limited Series,2021,20210303,True,murder among the mormons: limited series,,False,,,,,,,,,left_only
My Daughter’s Killer,2022,20220712,True,my daughter’s killer,,False,,,,,,,,,left_only
My Liberation Notes: Season 1,2022,20220409,True,my liberation notes,1,True,,,,,,,,,left_only
My Little Pony: Make Your Mark: Chapter 1,2022,20220526,True,my little pony: make your mark: chapter 1,,False,,,,,,,,,left_only
My Love: Six Stories of True Love: Limited Series,2021,20210413,False,my love: six stories of true love: limited series,,False,,,,,,,,,left_only
My Next Guest Needs No Introduction With David Letterman: Season 3,2020,20201021,True,my next guest needs no introduction with david letterman,3,True,,,,,,,,,left_only
My Next Guest Needs No Introduction With David Letterman: Season 4,2022,20220520,True,my next guest needs no introduction with david letterman,4,True,,,,,,,,,left_only
My Wonderful Life,2022,20220228,True,my wonderful life,,False,,,,,,,,,left_only
Mystery Science Theater 3000: Season 3,2022,20220506,False,mystery science theater 3000,3,True,,,,,,,,,left_only
Mythomaniac: Season 2,2021,20210930,False,mythomaniac,2,True,,,,,,,,,left_only
Nailed It! Mexico: Season 2,2020,20200807,False,nailed it! mexico,2,True,,,,,,,,,left_only
Nailed It! Mexico: Season 3,2021,20210105,False,nailed it! mexico,3,True,,,,,,,,,left_only
Nailed It!: Season 4,2020,20200401,False,nailed it!,4,True,,,,,,,,,left_only
Nailed It!: Season 5,2021,20210326,False,nailed it!,5,True,,,,,,,,,left_only
Nailed It!: Season 6,2021,20210915,False,nailed it!,6,True,,,,,,,,,left_only
Naomi Osaka: Limited Series,2021,20210716,False,naomi osaka: limited series,,False,,,,,,,,,left_only
Narcos: Mexico: Season 2,2020,20200213,True,narcos: mexico,2,True,,,,,,,,,left_only
Narcos: Mexico: Season 3,2021,20211105,True,narcos: mexico,3,True,,,,,,,,,left_only
Navarasa: Volume 1,2021,20210806,False,navarasa: volume 1,,False,,,,,,,,,left_only
Nero a metà: Season 3,2022,20220404,True,nero a metà,3,True,,,,,,,,,left_only
Nevenka: Breaking the Silence: Limited Series,2021,20210305,False,nevenka: breaking the silence: limited series,,False,,,,,,,,,left_only
Never Stop Dreaming: The Life and Legacy of Shimon Peres,2022,20220713,True,never stop dreaming: the life and legacy of shimon peres,,False,,,,,,,,,left_only
"Nevertheless,: Season 1",2021,20210619,True,"nevertheless,",1,True,,,,,,,,,left_only
New Gods: Nezha Reborn,2021,20210412,True,new gods: nezha reborn,,False,,,,,,,,,left_only
Neymar: The Perfect Chaos: Limited Series,2022,20220125,True,neymar: the perfect chaos: limited series,,False,,,,,,,,,left_only
Night Stalker: The Hunt for a Serial Killer: Limited Series,2021,20210113,True,night stalker: the hunt for a serial killer: limited series,,False,,,,,,,,,left_only
Night on Earth: Limited Series,2020,20200129,False,night on earth: limited series,,False,,,,,,,,,left_only
"Nisman: The Prosecutor, the President, and the Spy: Season 1",2020,20200112,False,"nisman: the prosecutor, the president, and the spy",1,True,,,,,,,,,left_only
No More F*cks To Give,2020,20200617,False,no more f*cks to give,,False,,,,,,,,,left_only
Norsemen: Season 3,2020,20200221,True,norsemen,3,True,,,,,,,,,left_only
Octonauts & the Caves of Sac Actun,2020,20200814,True,octonauts & the caves of sac actun,,False,,,,,,,,,left_only
Octonauts & the Ring of Fire,2021,20210330,True,octonauts & the ring of fire,,False,,,,,,,,,left_only
Oggy Oggy: Season 1,2021,20210824,True,oggy oggy,1,True,,,,,,,,,left_only
Oktoberfest: Beer & Blood: Limited Series,2020,20200916,False,oktoberfest: beer & blood: limited series,,False,,,,,,,,,left_only
Once Upon a Time... Happily Never After: Season 1,2022,20220311,True,once upon a time... happily never after,1,True,,,,,,,,,left_only
One Night in Miami,2020,20201225,False,one night in miami,,False,,,,,,,,,left_only
One Small Problem,2021,20210319,False,one small problem,,False,,,,,,,,,left_only
Operation Varsity Blues: The College Admissions Scandal,2021,20210317,True,operation varsity blues: the college admissions scandal,,False,,,,,,,,,left_only
Our Great National Parks: Limited Series,2022,20220413,True,our great national parks: limited series,,False,,,,,,,,,left_only
Outlander: Season 5,2020,20200214,True,outlander,5,True,,,,,,,,,left_only
Outlander: Season 6,2022,20220306,True,outlander,6,True,,,,,,,,,left_only
Over Christmas: Limited Series,2020,20201127,False,over christmas: limited series,,False,,,,,,,,,left_only
Ozark: Season 3,2020,20200327,True,ozark,3,True,,,,,,,,,left_only
Ozark: Season 4,2022,20220121,True,ozark,4,True,,,,,,,,,left_only
Paradise PD: Part 2,2020,20200306,True,paradise pd: part 2,,False,,,,,,,,,left_only
Paradise PD: Part 3,2021,20210312,True,paradise pd: part 3,,False,,,,,,,,,left_only
Patriot Act with Hasan Minhaj: Volume 6,2020,20200517,False,patriot act with hasan minhaj: volume 6,,False,,,,,,,,,left_only
Peaky Blinders: Season 6,2022,20220227,True,peaky blinders,6,True,,,,,,,,,left_only
Pets United,2020,20200911,True,pets united,,False,,,,,,,,,left_only
Pokémon Journeys: The Series: Part 2,2020,20200911,True,pokémon journeys: the series: part 2,,False,,,,,,,,,left_only
Pokémon Master Journeys: The Series: Part 1,2021,20210910,True,pokémon master journeys: the series: part 1,,False,,,,,,,,,left_only
Pokémon Master Journeys: The Series: Part 3,2022,20220526,True,pokémon master journeys: the series: part 3,,False,,,,,,,,,left_only
Pokémon: Mewtwo Strikes Back - Evolution,2020,20200227,True,pokémon: mewtwo strikes back - evolution,,False,,,,,,,,,left_only
Prank Encounters: Season 2,2021,20210401,True,prank encounters,2,True,,,,,,,,,left_only
Pretend It’s a City: Limited Series,2021,20210108,False,pretend it’s a city: limited series,,False,,,,,,,,,left_only
Pup Academy: Season 1,2020,20200826,True,pup academy,1,True,,,,,,,,,left_only
Pup Academy: Season 2,2020,20201012,True,pup academy,2,True,,,,,,,,,left_only
Queer Eye Germany: Season 1,2022,20220309,False,queer eye germany,1,True,,,,,,,,,left_only
Queer Eye: Season 5,2020,20200605,True,queer eye,5,True,,,,,,,,,left_only
Queer Eye: Season 6,2021,20211231,True,queer eye,6,True,,,,,,,,,left_only
Race: Bubba Wallace: Limited Series,2022,20220222,False,race: bubba wallace: limited series,,False,,,,,,,,,left_only
Raising Dion: Season 2,2022,20220201,True,raising dion,2,True,,,,,,,,,left_only
Ranveer vs Wild with Bear Grylls,2022,20220708,True,ranveer vs wild with bear grylls,,False,,,,,,,,,left_only
Ratones Paranoicos: The Band that Rocked Argentina,2021,20210106,False,ratones paranoicos: the band that rocked argentina,,False,,,,,,,,,left_only
Reasonable Doubt: A Tale of Two Kidnappings: Limited Series,2021,20211123,True,reasonable doubt: a tale of two kidnappings: limited series,,False,,,,,,,,,left_only
Rebel Cheer Squad: A Get Even Series: Season 1,2022,20220729,True,rebel cheer squad: a get even series,1,True,,,,,,,,,left_only
Recurrence,2022,20220727,True,recurrence,,False,,,,,,,,,left_only
Restaurants on the Edge: Season 1,2020,20200228,True,restaurants on the edge,1,True,,,,,,,,,left_only
Restaurants on the Edge: Season 2,2020,20200508,True,restaurants on the edge,2,True,,,,,,,,,left_only
Rich in Love,2020,20200430,True,rich in love,,False,,,,,,,,,left_only
Rilakkuma's Theme Park Adventure: シーズン１,2022,20220825,False,rilakkuma's theme park adventure: シーズン１,,False,,,,,,,,,left_only
Riverdale: Season 5,2021,20210120,True,riverdale,5,True,,,,,,,,,left_only
Riverdale: Season 6,2021,20211116,True,riverdale,6,True,,,,,,,,,left_only
Robozuna: Season 4,2020,20200229,False,robozuna,4,True,,,,,,,,,left_only
Room 2806: The Accusation: Limited Series,2020,20201207,True,room 2806: the accusation: limited series,,False,,,,,,,,,left_only
RuPaul's Drag Race: Season 12,2020,20200228,True,rupaul's drag race,12,True,,,,,,,,,left_only
RuPaul's Drag Race: Season 13,2021,20210101,True,rupaul's drag race,13,True,,,,,,,,,left_only
RuPaul's Drag Race: Season 14,2021,20211202,True,rupaul's drag race,14,True,,,,,,,,,left_only
RuPaul's Drag Race: Untucked!: Season 14,2022,20220107,False,rupaul's drag race: untucked!,14,True,,,,,,,,,left_only
RuPaul's Drag Race: Untucked!: Season 2,2020,20200605,False,rupaul's drag race: untucked!,2,True,,,,,,,,,left_only
RuPaul’s Drag Race: All Stars: Season 5,2020,20200605,True,rupaul’s drag race: all stars,5,True,,,,,,,,,left_only
RuPaul’s Drag Race: All Stars: Season 6,2021,20210526,True,rupaul’s drag race: all stars,6,True,,,,,,,,,left_only
RuPaul’s Drag Race: Untucked!: Season 12,2020,20200228,False,rupaul’s drag race: untucked!,12,True,,,,,,,,,left_only
RuPaul’s Drag Race: Untucked!: Season 13,2021,20210611,False,rupaul’s drag race: untucked!,13,True,,,,,,,,,left_only
Rumspringa - An Amish in Berlin,2022,20220429,True,rumspringa - an amish in berlin,,False,,,,,,,,,left_only
Rurouni Kenshin: The Beginning,2021,20210604,True,rurouni kenshin: the beginning,,False,,,,,,,,,left_only
Rurouni Kenshin: The Final,2021,20210618,True,rurouni kenshin: the final,,False,,,,,,,,,left_only
Russell Howard: Lubricant: Limited Series,2021,20211214,True,russell howard: lubricant: limited series,,False,,,,,,,,,left_only
Rust Valley Restorers: Season 2,2020,20200508,True,rust valley restorers,2,True,,,,,,,,,left_only
Rust Valley Restorers: Season 3,2020,20200821,True,rust valley restorers,3,True,,,,,,,,,left_only
Rust Valley Restorers: Season 4,2022,20220224,True,rust valley restorers,4,True,,,,,,,,,left_only
SAS: Rise of the Black Swan,2021,20210316,True,sas: rise of the black swan,,False,,,,,,,,,left_only
SanPa: Sins of the Savior: Limited Series,2020,20201230,False,sanpa: sins of the savior: limited series,,False,,,,,,,,,left_only
Scissor Seven: Season 1,2020,20200110,False,scissor seven,1,True,,,,,,,,,left_only
Scissor Seven: Season 2,2020,20200507,False,scissor seven,2,True,,,,,,,,,left_only
Scissor Seven: Season 3,2021,20211003,False,scissor seven,3,True,,,,,,,,,left_only
Selena: The Series: Part 1,2020,20201204,True,selena: the series: part 1,,False,,,,,,,,,left_only
Selena: The Series: Part 2,2021,20210504,True,selena: the series: part 2,,False,,,,,,,,,left_only
Self Made: Inspired by the Life of Madam C.J. Walker: Limited Series,2020,20200320,True,self made: inspired by the life of madam c.j. walker: limited series,,False,,,,,,,,,left_only
Selling Sunset: Season 2,2020,20200522,True,selling sunset,2,True,,,,,,,,,left_only
Selling Sunset: Season 3,2020,20200807,True,selling sunset,3,True,,,,,,,,,left_only
Selling Sunset: Season 4,2021,20211124,True,selling sunset,4,True,,,,,,,,,left_only
Selling Sunset: Season 5,2022,20220422,True,selling sunset,5,True,,,,,,,,,left_only
Servant: Season 2,2021,20210115,False,servant,2,True,,,,,,,,,left_only
Servant: Season 3,2022,20220121,False,servant,3,True,,,,,,,,,left_only
Sex Education: Season 2,2020,20200117,True,sex education,2,True,,,,,,,,,left_only
Sex Education: Season 3,2021,20210917,True,sex education,3,True,,,,,,,,,left_only
"Sex, Explained: Limited Series",2020,20200102,False,"sex, explained: limited series",,False,,,,,,,,,left_only
She-Ra and the Princesses of Power: Season 5,2020,20200515,True,she-ra and the princesses of power,5,True,,,,,,,,,left_only
Shtisel: Season 3,2021,20210325,True,shtisel,3,True,,,,,,,,,left_only
Single’s Inferno: Season 1,2021,20211218,True,single’s inferno,1,True,,,,,,,,,left_only
Sitara: Let Girls Dream,2020,20200308,False,sitara: let girls dream,,False,,,,,,,,,left_only
Snelle: Without a Coat,2021,20210416,False,snelle: without a coat,,False,,,,,,,,,left_only
So My Grandma’s a Lesbian!,2020,20200911,False,so my grandma’s a lesbian!,,False,,,,,,,,,left_only
Somebody Feed Phil: Season 3,2020,20200529,True,somebody feed phil,3,True,,,,,,,,,left_only
Somebody Feed Phil: Season 4,2020,20201030,True,somebody feed phil,4,True,,,,,,,,,left_only
Somebody Feed Phil: Season 5,2022,20220525,True,somebody feed phil,5,True,,,,,,,,,left_only
Someone Has to Die: Limited Series,2020,20201016,True,someone has to die: limited series,,False,,,,,,,,,left_only
Song Exploder: Volume 1,2020,20201002,True,song exploder: volume 1,,False,,,,,,,,,left_only
Song Exploder: Volume 2,2020,20201215,True,song exploder: volume 2,,False,,,,,,,,,left_only
Sophie: A Murder in West Cork: Limited Series,2021,20210630,True,sophie: a murder in west cork: limited series,,False,,,,,,,,,left_only
Sparking Joy: Season 1,2021,20210831,False,sparking joy,1,True,,,,,,,,,left_only
Spelling the Dream,2020,20200603,False,spelling the dream,,False,,,,,,,,,left_only
Spirit Riding Free: Riding Academy: Part 1,2020,20200403,True,spirit riding free: riding academy: part 1,,False,,,,,,,,,left_only
Spirit Riding Free: Riding Academy: Part 2,2020,20200904,True,spirit riding free: riding academy: part 2,,False,,,,,,,,,left_only
Star Trek: Discovery: Season 3,2020,20201015,False,star trek: discovery,3,True,,,,,,,,,left_only
Star Trek: Discovery: Season 4,2021,20211118,False,star trek: discovery,4,True,,,,,,,,,left_only
Stateless: Limited Series,2020,20200708,True,stateless: limited series,,False,,,,,,,,,left_only
Stay Close: Limited Series,2021,20211231,True,stay close: limited series,,False,,,,,,,,,left_only
Stories of a Generation - with Pope Francis: Limited Series,2021,20211225,True,stories of a generation - with pope francis: limited series,,False,,,,,,,,,left_only
"StoryBots: Laugh, Learn, Sing: Collection 2: Learn to Read",2022,20220718,False,"storybots: laugh, learn, sing: collection 2: learn to read",,False,,,,,,,,,left_only
Stranger Things 4,2022,20220527,True,stranger things 4,,False,,,,,,,,,left_only
Suburra: Blood on Rome: Season 3,2020,20201030,True,suburra: blood on rome,3,True,,,,,,,,,left_only
Sugar Rush Christmas: Season 2,2020,20201127,False,sugar rush christmas,2,True,,,,,,,,,left_only
Sugar Rush: Extra Sweet,2020,20200731,False,sugar rush: extra sweet,,False,,,,,,,,,left_only
Sunderland 'Til I Die: Season 2,2020,20200401,False,sunderland 'til i die,2,True,,,,,,,,,left_only
Super Me,2021,20210409,True,super me,,False,,,,,,,,,left_only
THE KANE CHRONICLES,2021,20210101,False,the kane chronicles,,False,,,,,,,,,left_only
TIGER & BUNNY 2,2022,20220408,True,tiger & bunny 2,,False,,,,,,,,,left_only
Taco Chronicles: Volume 2,2020,20200915,False,taco chronicles: volume 2,,False,,,,,,,,,left_only
Takki: Season 3,2021,20211028,True,takki,3,True,,,,,,,,,left_only
Teasing Master Takagi-san: Season 3,2022,20220108,False,teasing master takagi-san,3,True,,,,,,,,,left_only
Tersanjung the Movie,2021,20210401,True,tersanjung the movie,,False,,,,,,,,,left_only
That’s My Time with David Letterman: Season 1,2022,20220607,False,that’s my time with david letterman,1,True,,,,,,,,,left_only
The 7 Lives of Lea: Limited Series,2022,20220428,True,the 7 lives of lea: limited series,,False,,,,,,,,,left_only
The Alienist: Angel of Darkness,2020,20200719,True,the alienist: angel of darkness,,False,,,,,,,,,left_only
The Andy Warhol Diaries: Limited Series,2022,20220309,True,the andy warhol diaries: limited series,,False,,,,,,,,,left_only
The Big Day: Collection 2,2021,20210407,False,the big day: collection 2,,False,,,,,,,,,left_only
The Big Show Show: Part 1,2020,20200406,True,the big show show: part 1,,False,,,,,,,,,left_only
The Billion Dollar Code: Limited Series,2021,20211007,True,the billion dollar code: limited series,,False,,,,,,,,,left_only
The Boss Baby: Back in Business: Season 3,2020,20200316,True,the boss baby: back in business,3,True,,,,,,,,,left_only
The Boss Baby: Back in Business: Season 4,2020,20201117,True,the boss baby: back in business,4,True,,,,,,,,,left_only
The Business of Drugs: Limited Series,2020,20200714,False,the business of drugs: limited series,,False,,,,,,,,,left_only
The Casketeers: Season 3,2020,20200105,False,the casketeers,3,True,,,,,,,,,left_only
The Casketeers: Season 4,2021,20210315,False,the casketeers,4,True,,,,,,,,,left_only
The Chef Show: Season 2,2020,20200924,True,the chef show,2,True,,,,,,,,,left_only
The Circle Brazil: Season 1,2020,20200311,False,the circle brazil,1,True,,,,,,,,,left_only
The Circle France: Season 1,2020,20200409,False,the circle france,1,True,,,,,,,,,left_only
The Club: Part 1,2021,20211105,True,the club: part 1,,False,,,,,,,,,left_only
The Club: Part 2,2022,20220106,True,the club: part 2,,False,,,,,,,,,left_only
The Coyotes: Limited Series,2021,20210319,True,the coyotes: limited series,,False,,,,,,,,,left_only
The Day of the Lord,2020,20201030,False,the day of the lord,,False,,,,,,,,,left_only
The Eddy: Limited Series,2020,20200508,False,the eddy: limited series,,False,,,,,,,,,left_only
The Epic Tales of Captain Underpants: Season 4,2020,20200710,True,the epic tales of captain underpants,4,True,,,,,,,,,left_only
The Forest of Love: Deep Cut: Limited Series,2020,20200430,False,the forest of love: deep cut: limited series,,False,,,,,,,,,left_only
The Ghost Bride: Volume 1,2020,20200123,True,the ghost bride: volume 1,,False,,,,,,,,,left_only
The Great British Baking Show: Collection 8,2020,20200925,True,the great british baking show: collection 8,,False,,,,,,,,,left_only
The Great British Baking Show: Holidays: Season 1,2021,20211203,False,the great british baking show: holidays,1,True,,,,,,,,,left_only
The Great British Baking Show: Holidays: Season 3,2020,20201204,False,the great british baking show: holidays,3,True,,,,,,,,,left_only
The Great British Baking Show: Holidays: Season 4,2021,20211203,False,the great british baking show: holidays,4,True,,,,,,,,,left_only
The Great British Baking Show: Season 11,2020,20200922,True,the great british baking show,11,True,,,,,,,,,left_only
The Great British Baking Show: Season 12,2021,20210924,True,the great british baking show,12,True,,,,,,,,,left_only
The Great Heist: Limited Series,2020,20200814,True,the great heist: limited series,,False,,,,,,,,,left_only
The Guardians of Justice: Season 1,2022,20220301,True,the guardians of justice,1,True,,,,,,,,,left_only
"The Hall: Honoring George Carlin, Robin Williams, Joan Rivers and Richard Pryor",2022,20220519,False,"the hall: honoring george carlin, robin williams, joan rivers and richard pryor",,False,,,,,,,,,left_only
The Holiday Movies That Made Us: Season 1,2020,20201201,False,the holiday movies that made us,1,True,,,,,,,,,left_only
The Hook Up Plan: Season 3,2022,20220101,True,the hook up plan,3,True,,,,,,,,,left_only
The House of Flowers: Season 3,2020,20200423,False,the house of flowers,3,True,,,,,,,,,left_only
The Houseboat: Limited Series,2021,20210309,False,the houseboat: limited series,,False,,,,,,,,,left_only
The Idhun Chronicles: Part 1,2020,20200910,False,the idhun chronicles: part 1,,False,,,,,,,,,left_only
The Idhun Chronicles: Part 2,2021,20210108,False,the idhun chronicles: part 2,,False,,,,,,,,,left_only
The InBESTigators: Season 2,2020,20200110,True,the inbestigators,2,True,,,,,,,,,left_only
The Innocence Files: Limited Series,2020,20200415,True,the innocence files: limited series,,False,,,,,,,,,left_only
The Innocent: Limited Series,2021,20210430,True,the innocent: limited series,,False,,,,,,,,,left_only
The Kominsky Method: Season 3,2021,20210528,True,the kominsky method,3,True,,,,,,,,,left_only
The Last Kids on Earth: Book 2,2020,20200417,True,the last kids on earth: book 2,,False,,,,,,,,,left_only
The Last Kids on Earth: Book 3,2020,20201016,True,the last kids on earth: book 3,,False,,,,,,,,,left_only
The Last Kingdom: Season 4,2020,20200426,True,the last kingdom,4,True,,,,,,,,,left_only
The Last Kingdom: Season 5,2022,20220309,True,the last kingdom,5,True,,,,,,,,,left_only
The Last Paradiso,2021,20210205,True,the last paradiso,,False,,,,,,,,,left_only
The Magic School Bus Rides Again Kids In Space,2020,20200807,False,the magic school bus rides again kids in space,,False,,,,,,,,,left_only
The Magic School Bus Rides Again The Frizz Connection,2020,20201020,False,the magic school bus rides again the frizz connection,,False,,,,,,,,,left_only
The Mess You Leave Behind: Limited Series,2020,20201211,True,the mess you leave behind: limited series,,False,,,,,,,,,left_only
"The Mind, Explained: Season 2",2021,20211119,True,"the mind, explained",2,True,,,,,,,,,left_only
The Minions of Midas: Limited Series,2020,20201113,False,the minions of midas: limited series,,False,,,,,,,,,left_only
The Ministry of Time: Season 4,2020,20200420,False,the ministry of time,4,True,,,,,,,,,left_only
The Mire '97,2021,20210707,True,the mire '97,,False,,,,,,,,,left_only
The Misadventures of Hedi and Cokeman,2021,20210210,False,the misadventures of hedi and cokeman,,False,,,,,,,,,left_only
The Mitchells vs. The Machines,2021,20210430,True,the mitchells vs. the machines,,False,,,,,,,,,left_only
The Most Hated Man on the Internet: Limited Series,2022,20220727,True,the most hated man on the internet: limited series,,False,,,,,,,,,left_only
The Movies That Made Us: Season 2,2021,20210723,False,the movies that made us,2,True,,,,,,,,,left_only
The Movies That Made Us: Season 3,2021,20211012,False,the movies that made us,3,True,,,,,,,,,left_only
The Naked Director: Season 2,2021,20210624,True,the naked director,2,True,,,,,,,,,left_only
The New Legends of Monkey: Season 2,2020,20200807,True,the new legends of monkey,2,True,,,,,,,,,left_only
The Pharmacist: Limited Series,2020,20200205,False,the pharmacist: limited series,,False,,,,,,,,,left_only
The Plagues of Breslau,2020,20200422,False,the plagues of breslau,,False,,,,,,,,,left_only
The Princess Switch 3: Romancing the Star,2021,20211118,True,the princess switch 3: romancing the star,,False,,,,,,,,,left_only
The Principles of Pleasure: Limited Series,2022,20220322,True,the principles of pleasure: limited series,,False,,,,,,,,,left_only
The Queen of Flow: Season 2,2021,20210426,True,the queen of flow,2,True,,,,,,,,,left_only
The Queen's Gambit: Limited Series,2020,20201023,True,the queen's gambit: limited series,,False,,,,,,,,,left_only
The Ranch: Part 8,2020,20200124,True,the ranch: part 8,,False,,,,,,,,,left_only
The Ripper: Limited Series,2020,20201216,True,the ripper: limited series,,False,,,,,,,,,left_only
The Serpent: Limited Series,2021,20210402,True,the serpent: limited series,,False,,,,,,,,,left_only
The Seven Deadly Sins: Dragon's Judgement,2021,20210113,True,the seven deadly sins: dragon's judgement,,False,,,,,,,,,left_only
The Silent War,2020,20200203,False,the silent war,,False,,,,,,,,,left_only
The Sons of Sam: A Descent into Darkness: Limited Series,2021,20210505,True,the sons of sam: a descent into darkness: limited series,,False,,,,,,,,,left_only
The Standups: Season 3,2021,20211229,True,the standups,3,True,,,,,,,,,left_only
The Strange House,2020,20201030,False,the strange house,,False,,,,,,,,,left_only
The Stranger: Limited Series,2020,20200130,True,the stranger: limited series,,False,,,,,,,,,left_only
The Trials of Gabriel Fernandez: Limited Series,2020,20200226,True,the trials of gabriel fernandez: limited series,,False,,,,,,,,,left_only
The Unlikely Murderer: Limited Series,2021,20211105,True,the unlikely murderer: limited series,,False,,,,,,,,,left_only
The Valhalla Murders: Season 1,2020,20200313,True,the valhalla murders,1,True,,,,,,,,,left_only
The Witcher: A Look Inside the Episodes: Limited Series,2020,20200902,False,the witcher: a look inside the episodes: limited series,,False,,,,,,,,,left_only
The Worst Witch: Season 4,2020,20200127,True,the worst witch,4,True,,,,,,,,,left_only
The Yin Yang Master,2021,20210319,True,the yin yang master,,False,,,,,,,,,left_only
Thirty-Nine: Season 1,2022,20220216,True,thirty-nine,1,True,,,,,,,,,left_only
This Is a Robbery: The World's Biggest Art Heist: Limited Series,2021,20210407,False,this is a robbery: the world's biggest art heist: limited series,,False,,,,,,,,,left_only
Thus Spoke Kishibe Rohan: Season 1,2021,20210218,False,thus spoke kishibe rohan,1,True,,,,,,,,,left_only
Tiffany Haddish Presents: They Ready: Season 2,2021,20210202,False,tiffany haddish presents: they ready,2,True,,,,,,,,,left_only
Tiger & Bunny 2: Season 2,2022,20220408,True,tiger & bunny 2,2,True,,,,,,,,,left_only
Tiger King 2,2021,20211117,True,tiger king 2,,False,,,,,,,,,left_only
Til Money Do Us Part: Season 1,2022,20220510,False,til money do us part,1,True,,,,,,,,,left_only
To the Lake: Season 1,2020,20201007,True,to the lake,1,True,,,,,,,,,left_only
To the Lake: Season 2,2022,20220421,True,to the lake,2,True,,,,,,,,,left_only
Trailer Park Boys: The Animated Series: Season 2,2020,20200522,False,trailer park boys: the animated series,2,True,,,,,,,,,left_only
Transformers: War for Cybertron: Earthrise,2020,20201230,False,transformers: war for cybertron: earthrise,,False,,,,,,,,,left_only
Transformers: War for Cybertron: Kingdom,2021,20210729,False,transformers: war for cybertron: kingdom,,False,,,,,,,,,left_only
Transformers: War for Cybertron: Siege,2020,20200730,False,transformers: war for cybertron: siege,,False,,,,,,,,,left_only
Treehouse Detectives: Season 3,2020,20200712,True,treehouse detectives,3,True,,,,,,,,,left_only
Trial 4: Limited Series,2020,20201111,True,trial 4: limited series,,False,,,,,,,,,left_only
Tribhanga - Tedhi Medhi Crazy,2021,20210115,True,tribhanga - tedhi medhi crazy,,False,,,,,,,,,left_only
True Story: Limited Series,2021,20211124,True,true story: limited series,,False,,,,,,,,,left_only
Twin Murders: the Silence of the White City,2020,20200306,True,twin murders: the silence of the white city,,False,,,,,,,,,left_only
Ugly Delicious: Season 2,2020,20200306,False,ugly delicious,2,True,,,,,,,,,left_only
Unbreakable Kimmy Schmidt: Kimmy vs. the Reverend,2020,20200512,False,unbreakable kimmy schmidt: kimmy vs. the reverend,,False,,,,,,,,,left_only
Unorthodox: Limited Series,2020,20200326,True,unorthodox: limited series,,False,,,,,,,,,left_only
Unsolved Mysteries: Volume 1,2020,20200701,True,unsolved mysteries: volume 1,,False,,,,,,,,,left_only
Unsolved Mysteries: Volume 2,2020,20201019,True,unsolved mysteries: volume 2,,False,,,,,,,,,left_only
Untold: Crime & Penalties,2021,20210831,False,untold: crime & penalties,,False,,,,,,,,,left_only
Upcoming Summer,2021,20211003,False,upcoming summer,,False,,,,,,,,,left_only
Uysallar: Season 1,2022,20220330,True,uysallar,1,True,,,,,,,,,left_only
Vendetta: Guerra nell'antimafia: Season 1,2021,20210924,False,vendetta: guerra nell'antimafia,1,True,,,,,,,,,left_only
Virgin River: Season 2,2020,20201127,True,virgin river,2,True,,,,,,,,,left_only
Virgin River: Season 3,2021,20210709,True,virgin river,3,True,,,,,,,,,left_only
Virgin River: Season 4,2022,20220720,True,virgin river,4,True,,,,,,,,,left_only
WHAT DID JACK DO?,2020,20200120,False,what did jack do?,,False,,,,,,,,,left_only
Waffles + Mochi's Holiday Feast,2021,20211123,False,waffles + mochi's holiday feast,,False,,,,,,,,,left_only
Was It Love?: Season 1,2020,20200708,True,was it love?,1,True,,,,,,,,,left_only
Wasp Network,2020,20200619,False,wasp network,,False,,,,,,,,,left_only
Well-Intended Love: Season 2,2020,20200213,True,well-intended love,2,True,,,,,,,,,left_only
Whispers: Limited Series,2020,20200611,False,whispers: limited series,,False,,,,,,,,,left_only
Whitestar,2020,20200508,False,whitestar,,False,,,,,,,,,left_only
Who Killed Malcolm X?: Season 1,2020,20200207,True,who killed malcolm x?,1,True,,,,,,,,,left_only
"Whose Vote Counts, Explained: Limited Series",2020,20200928,False,"whose vote counts, explained: limited series",,False,,,,,,,,,left_only
Win the Wilderness: Season 1,2020,20200126,False,win the wilderness,1,True,,,,,,,,,left_only
Without Saying Goodbye,2022,20220318,True,without saying goodbye,,False,,,,,,,,,left_only
Wizards: Tales of Arcadia: Season 1,2020,20200807,True,wizards: tales of arcadia,1,True,,,,,,,,,left_only
Word Party: Season 4,2020,20200121,True,word party,4,True,,,,,,,,,left_only
Word Party: Season 5,2021,20210302,True,word party,5,True,,,,,,,,,left_only
Workin' Moms: Season 4,2020,20200506,True,workin' moms,4,True,,,,,,,,,left_only
Workin' Moms: Season 5,2021,20210216,True,workin' moms,5,True,,,,,,,,,left_only
Workin' Moms: Season 6,2022,20220510,True,workin' moms,6,True,,,,,,,,,left_only
Worn Stories: Limited Series,2021,20210401,False,worn stories: limited series,,False,,,,,,,,,left_only
Ya no estoy aquí: Una conversación entre Guillermo del Toro y Alfonso Cuarón,2020,20201103,False,ya no estoy aquí: una conversación entre guillermo del toro y alfonso cuarón,,False,,,,,,,,,left_only
YooHoo to the Rescue: Season 3,2020,20200325,False,yoohoo to the rescue,3,True,,,,,,,,,left_only
You Cannot Hide: Season 1,2020,20200124,True,you cannot hide,1,True,,,,,,,,,left_only
You Me Her: Season 5,2020,20200607,True,you me her,5,True,,,,,,,,,left_only
Young Wallander: Killer's Shadow,2022,20220217,True,young wallander: killer's shadow,,False,,,,,,,,,left_only
You’re Nothing Special: Season 1,2022,20220902,False,you’re nothing special,1,True,,,,,,,,,left_only
the goop lab with Gwyneth Paltrow: Season 1,2020,20200124,False,the goop lab with gwyneth paltrow,1,True,,,,,,,,,left_only
Òlòtūré,2020,20201002,False,òlòtūré,,False,,,,,,,,,left_only
​SAINT SEIYA: Knights of the Zodiac: Part II,2020,20200123,True,​saint seiya: knights of the zodiac: part ii,,False,,,,,,,,,left_only
